KEY_CLEANSEANDSTANDARDIZEINFO,KEY_CLEANSEMULTMTCHRESPDTL,ERRORCODE,ERRORMESSAGE,KEY_CLEANSEMULTMTCHRESPDTL1,CANDIDATEMATCHEDQUANTITY,CONFIDENCECODE,DUNSNUMBER,DISPLAYSEQUENCE,FAMILYTREEMEMBERROLE,INLANGUAGE,MATCHDATACRITERIA,MATCHDATAPROFILE,MATCHGRADE,OPERATINGSTATUS,ORGANIZATIONPRIMARYNAME,PRIMARYADDRESSREGIONNAME,PRIMARYCOUNTRYISOALPHA2CD,PRIMARYCOUNTRYNAME,PRIMARYPOSTALCODE,PRIMARYPOSTALCODEEXT,PRIMARYSTREETADDRESSLINE1,PRIMARYSTREETADDRESSLINE2,PRIMARYTERRITORYABBRNM,PRIMARYTOWNNAME,SERVICETRANSACTIONID,SERVICEVERSION,STANDALONEORGANIZATIONIND,TELEPHONENUMBER,TELEPHONEUNREACHABLEIND,TRADESTYLENAME,TRANSACTIONTIMESTAMP,SOURCE_KEY,SOURCE_SYSTEM,DNB_STATUS,DQ_PROCESS_DATE,DOMAIN,LOAD_TIME,SRC_LOAD_TIME,ACCEPTANCE_RULE,SOURCE_NAME,SOURCE_ADDRESS,SOURCE_CITY,SOURCE_COUNTRY,SOURCE_POSTAL_CODE,SOURCE_STATE,SOURCE_NATIONAL_ID,SOURCE_TELEPHONE,BATCH_API,SOURCE_OP_COUNTRY,SOURCE_OP_STATE,SRC_CLEANSED_SOURCE_NAME,SRC_CLEANSED_STREET_ADDRESS,SRC_CLEANSED_CITY,SRC_CLEANSED_STATE,CONF_ACCEPT_STS,MDP_ACCEPT_STS,MTCH_GRADE_ACCEPT_STS
,,,,3212,1,6,622965867,1,,en-US,Name and Address Lookup,00000000989898,BFFAZZZ,Active,"Beijing Zhongcan Foundation New Materials Co., Ltd.",,CN,China,100000,,"F-224, No.86, Changyang Wanxing Road, Fangshan District",,,Beijing,rrt-0fe4b025626ce4585-c-wo-54234-161089-4,1,true,,,,2024-10-12T17:59:01.722Z,0000030502,ORCLAPAC,0,2024-10-11 03:18:03,VM,2024-10-12 18:18:51,,,Beijing Zing Found Network Co.ltd,"Building 3 Room 11c, No. 31 Zizhu Yuan Road",Beijing,CN,100089,BEIJING,,,API,CN,BEIJING,Beijing Zing Found Network Co.ltd,"Building 3 Room 11c, No. 31 Zizhu Yuan Road",Beijing,BEIJING,,,
,,,,2652,1,6,749094889,1,,en-US,Name and Address Lookup,0198989898989800000000000098,AZZZZZZFFFA,Out of business,ENGINEERING SERVICES AUSTRALIA PTY. LTD.,,AU,Australia,2138,,,,,,rrt-089433b6968dafc7a-a-wo-54210-257007-3,1,true,,,,2024-10-12T17:52:48.423Z,0000030991,ORCLAPAC,0,2024-10-11 03:53:39,VM,2024-10-12 18:18:51,,,Engineered Services (australia) Pty. Limited,3/f Plaza Chambers,Springwood,AU,4127,QLD,,,API,AU,QLD,Engineered Services (australia) Pty. Limited,3/f Plaza Chambers,Springwood,QLD,,,
,,,,183,1,5,421683426,1,,en-US,Name and Address Lookup,05980000989898,BZFFZZZ,Active,Tianjin The Sixth Electrical Appliance Switch Plant (General Parternship),,CN,China,300402,,"No.5, Zhangxingzhuang North Road",,,Tianjin,rrt-0e2a71d7342e6e53b-a-wo-54238-157823-832,1,true,2226312264,false,,2024-10-12T17:25:22.416Z,0000030993,ORCLAPAC,0,2024-10-11 03:48:56,VM,2024-10-12 18:18:51,,,No.6 Mechanical Design & Research Institute,Shàngbùzhōnglù,Shēnzhènshì,CN,518027,GUǍNGDŌNGSHĚNG,,,API,CN,GUǍNGDŌNGSHĚNG,No.6 Mechanical Design & Research Institute,Shàngbùzhōnglù,Shēnzhènshì,GUǍNGDŌNGSHĚNG,,,
,,,,1685,1,5,639392535,1,Parent/Headquarters,en-US,Name and Address Lookup,05000098989898,05000098989898,Active,"Xiamen Liansheng Business Management Co., Ltd.",,CN,China,,,"35, 14F -1, Hangyun Building, No.809, Songyu M. Road, Xiamenpian District, China Pilot Free Trade Z",,,,rrt-0c32bead6677eaf5e-a-wo-54256-210676-7,1,false,,,,2024-10-12T17:41:57.724Z,0000031006,ORCLAPAC,0,2024-10-11 03:20:54,VM,2024-10-12 18:18:51,,,Bas Engineering Limited,"6/F., PARAMOUNT BUILDING, 12 KA YIP STREET",HONG KONG,CN,-,HONG KONG,,,API,CN,HONG KONG,Bas Engineering Limited,"6/F., PARAMOUNT BUILDING, 12 KA YIP STREET",HONG KONG,HONG KONG,,,
,,,,3193,1,5,406891089,1,,zh-hans-CN,Name and Address Lookup,00980000009898,AZFZFZZZZAZ,Active,安徽力豪科技有限公司,安徽,CN,China,230000,,蜀山区黄山路建业领翔2512室,,,合肥,rrt-0b4df739fa0ca16dd-c-wo-54194-210336-1,1,,,,,2024-10-12T17:58:47.315Z,0000030521,ORCLAPAC,0,2024-10-11 03:18:49,VM,2024-10-12 18:18:51,,,北京华力豪顺科技公司,"工行北京长安分理处, .",BEIJING,CN,.,CHINA,,,API,CN,CHINA,北京华力豪顺科技公司,"工行北京长安分理处, .",BEIJING,CHINA,,,
,,,,878,1,5,544074799,1,,zh-hans-CN,Name and Address Lookup,00000000009898,AZFAAZZZZFA,Active,施耐德电气(中国)投资有限公司,北京,CN,China,130012,,朝阳区将台路2号和乔丽晶中心施耐德大厦,,,,rrt-041b385e4595c1e94-b-wo-54380-281027-223,1,,,,,2024-10-12T17:32:56.603Z,0000030523,ORCLAPAC,0,2024-10-11 03:18:07,VM,2024-10-12 18:18:51,,,施耐德电气中国投资有限公司,"中国工商银行北京经济技术开发区, 支行营业室",BEIJING,CN,.,CHINA,,,API,CN,CHINA,施耐德电气中国投资有限公司,"中国工商银行北京经济技术开发区, 支行营业室",BEIJING,CHINA,,,
,,,,4455,1,5,653710822,1,,zh-hans-CN,Name and Address Lookup,00000000009800,AZFAAZZZZFZ,Active,中国金山联合贸易有限责任公司,上海,CN,China,200540,,金山区金一东路1号金山宾馆南8楼,,,,rrt-089433b6968dafc7a-a-wo-54210-258549-51,1,,02157940433,,,2024-10-12T18:12:52.616Z,0000030525,ORCLAPAC,0,2024-10-11 03:18:57,VM,2024-10-12 18:18:51,,,中国金山联合贸易有限责任公司,"中行金山支行石化分理处, .",SHANGHAI,CN,.,CHINA,,,API,CN,CHINA,中国金山联合贸易有限责任公司,"中行金山支行石化分理处, .",SHANGHAI,CHINA,,,
,,,,1226,1,5,530303627,1,,zh-hans-CN,Name and Address Lookup,00980000009800,AZFAAZZZZAZ,Out of business,能殷自动化贸易(深圳)有限公司,广东,CN,China,518031,,上步中路工会大厦B座6楼西,,,深圳,rrt-0c32bead6677eaf5e-a-wo-54255-209331-120,1,,075582737332,,,2024-10-12T17:36:50.679Z,0000030541,ORCLAPAC,0,2024-10-11 03:17:01,VM,2024-10-12 18:18:51,,,能殷自动化贸易(深圳)有限公司,"深圳市招商银行总行营业部, .",SHENZHEN,CN,.,CHINA,,,API,CN,CHINA,能殷自动化贸易(深圳)有限公司,"深圳市招商银行总行营业部, .",SHENZHEN,CHINA,,,
,,,,3405,1,3,527268129,1,,zh-hans-CN,Name and Address Lookup,00000000989800,BZFAAZZZZFA,Active,天津泰达万通房地产开发有限公司,天津,CN,China,300100,,解放南路256号,,,,rrt-041b385e4595c1e94-b-wo-54378-284646-84,1,,02223201688,,,2024-10-12T18:01:13.699Z,0000030542,ORCLAPAC,0,2024-10-11 03:18:09,VM,2024-10-12 18:18:51,,,天津市开发区泰达大厦房地产开发有限公司泰达俱乐部,"天津商业银行协通支行, .",TIANJIN,CN,.,CHINA,,,API,CN,CHINA,天津市开发区泰达大厦房地产开发有限公司泰达俱乐部,"天津商业银行协通支行, .",TIANJIN,CHINA,,,
,,,,1215,1,4,969407373,1,Parent/Headquarters,en-US,Name and Address Lookup,0000000000989800000000980098,FAAAAZZAFZF,Active,America Votes,,US,United States,20036,4324,1155 Connecticut Ave NW Ste 600,,DC,Washington,rrt-0c32bead6677eaf5e-a-wo-54255-209331-118,1,false,2029627240,false,,2024-10-12T17:36:42.769Z,0000030543,ORCLAPAC,0,2024-10-11 03:53:12,VM,2024-10-12 18:18:51,,,"Pacific Bridge, Inc.",1155 Connecticut Ave Nw,Washington,US,20036,DC,,,API,US,DC,"Pacific Bridge, Inc.",1155 Connecticut Ave Nw,Washington,DC,,,
,,,,3248,1,5,546983482,1,Parent/Headquarters,en-US,Name and Address Lookup,00000000989898,BFFFZZZ,Active,"Shanghai Jingming Electric Instrument Complete Set Co., Ltd.",,CN,China,201400,,"No.8, Baziqiao Road, Jianghai Economic Park, Fengxian District",,,Shanghai,rrt-090a2b488d91e7bea-b-wo-54135-209481-874,1,false,2167102786,false,,2024-10-12T17:59:25.094Z,0000030548,ORCLAPAC,0,2024-10-11 03:17:54,VM,2024-10-12 18:18:51,,,Shanghai North-power Electromechanical Instrument Complete Set Co Ltd,"Rm 906, # 2 Building",Zhong Shan Bei Yi Road,CN,200437,SHANGHAI,,,API,CN,SHANGHAI,Shanghai North-power Electromechanical Instrument Complete Set Co Ltd,"Rm 906, # 2 Building",Zhong Shan Bei Yi Road,SHANGHAI,,,
,,,,3022,1,6,653863035,1,,en-US,Name and Address Lookup,00000000989898,BFFAZZZ,Active,Instrimpex-dec Beijing Service Station,,CN,China,100083,,"Floor 5, South Building, B3, Huayuan Road, Haidian District, Beijing",,,Beijing,rrt-089433b6968dafc7a-a-wo-54210-257356-12,1,true,1062058866,false,,2024-10-12T17:56:55.175Z,0000031018,ORCLAPAC,0,2024-10-11 03:52:33,VM,2024-10-12 18:18:51,,,Dec Prc Limited Beijing Service Station,"Office Tower,new Century Hotel F/5, No. 6 Nanwei Road Nan Alley",Beijing,CN,100050,BEIJING,,,API,CN,BEIJING,Dec Prc Limited Beijing Service Station,"Office Tower,new Century Hotel F/5, No. 6 Nanwei Road Nan Alley",Beijing,BEIJING,,,
,,,,4996,1,3,420902686,1,,zh-hans-CN,Name and Address Lookup,00000000009800,BZFAAZZAZFA,Active,纳威尔格(北京)管理咨询有限公司,北京,CN,China,100031,,西城区宣武门西大街甲129号金隅大厦1218室,,,,rrt-03986add95f5f79cb-c-wo-54799-177950-276,1,,02164400357,,,2024-10-12T18:18:46.595Z,0000031024,ORCLAPAC,0,2024-10-11 03:19:10,VM,2024-10-12 18:18:51,,,北京纳威尔格质量咨询有限公司,分行西便门分理处,交行北京市,CN,100031,北京市,,,API,CN,北京市,北京纳威尔格质量咨询有限公司,分行西便门分理处,交行北京市,北京市,,,
,,,,3951,1,5,443381529,1,,en-US,Name and Address Lookup,00980000989898,FZBFZZZ,Active,Burqin County Chonghuer Town Chunmei Vegetables Plantation Specialty Cooperative,,CN,China,836300,,"Kuxugen Village, Chonghuer Town, Burqin County",,,Altay Prefecture,rrt-03986add95f5f79cb-c-wo-54799-177215-612,1,true,,,,2024-10-12T18:07:11.242Z,0000031027,ORCLAPAC,0,2024-10-11 03:50:16,VM,2024-10-12 18:18:51,,,Beria Consultants Ltd,"2/F CONCORD COMMERCIAL BUILDING, 157 KING'S ROAD,",HONG KONG,CN,-,HONG KONG,,,API,CN,HONG KONG,Beria Consultants Ltd,"2/F CONCORD COMMERCIAL BUILDING, 157 KING'S ROAD,",HONG KONG,HONG KONG,,,
,,,,881,1,5,560009439,1,Parent/Headquarters,en-US,Name and Address Lookup,02000000989898,BFFFZZZ,Active,"Nantong Growi Co., Ltd.",,CN,China,226010,,"No.8, Changqing Road, The Summit, Economic Development Zone",,,Nantong,rrt-089433b6968dafc7a-a-wo-54210-253989-394,1,false,51351016880,false,GROWI,2024-10-12T17:32:58.626Z,0000031029,ORCLAPAC,0,2024-10-11 03:55:01,VM,2024-10-12 18:18:51,,,Growinet Ltd,"SUTE 1900,TUNG WAH MANSION, 199-203 HENNESSY ROAD",HONG KONG,CN,-,HONG KONG,,,API,CN,HONG KONG,Growinet Ltd,"SUTE 1900,TUNG WAH MANSION, 199-203 HENNESSY ROAD",HONG KONG,HONG KONG,,,
